Datetime,Water Level (m)
2025-11-20 00:00:00,-1.132163
2025-11-20 01:00:00,-1.4183832
2025-11-20 02:00:00,-1.4419993
2025-11-20 03:00:00,0.41543227
2025-11-20 04:00:00,1.3484921
2025-11-20 05:00:00,1.6835699
2025-11-20 06:00:00,1.4754798
2025-11-20 07:00:00,0.79194546
2025-11-20 08:00:00,0.13375199
2025-11-20 09:00:00,-0.3474161
2025-11-20 10:00:00,-0.7443545
2025-11-20 11:00:00,-1.090818
2025-11-20 12:00:00,-1.3700868
2025-11-20 13:00:00,-1.5300875
2025-11-20 14:00:00,-0.87484443
2025-11-20 15:00:00,0.6187298
2025-11-20 16:00:00,1.4812523
2025-11-20 17:00:00,1.9224257
2025-11-20 18:00:00,1.8847878
2025-11-20 19:00:00,1.3469317
2025-11-20 20:00:00,0.6588233
2025-11-20 21:00:00,0.02230855
2025-11-20 22:00:00,-0.47431862
2025-11-20 23:00:00,-0.8311297
2025-11-21 00:00:00,-1.1313058
2025-11-21 01:00:00,-1.3607571
2025-11-21 02:00:00,-1.4124393
2025-11-21 03:00:00,-0.22196935
2025-11-21 04:00:00,0.8954215
2025-11-21 05:00:00,1.4880974
2025-11-21 06:00:00,1.6516827
2025-11-21 07:00:00,1.2587866
2025-11-21 08:00:00,0.50962883
2025-11-21 09:00:00,-0.08797807
2025-11-21 10:00:00,-0.55817205
2025-11-21 11:00:00,-0.9161917
2025-11-21 12:00:00,-1.2195998
2025-11-21 13:00:00,-1.4421105
2025-11-21 14:00:00,-1.449773
2025-11-21 15:00:00,-0.047321722
2025-11-21 16:00:00,1.0533628
2025-11-21 17:00:00,1.7065238
2025-11-21 18:00:00,2.0128512
2025-11-21 19:00:00,1.7737749
2025-11-21 20:00:00,1.0989939
2025-11-21 21:00:00,0.3877913
2025-11-21 22:00:00,-0.19532098
2025-11-21 23:00:00,-0.6342828
2025-11-22 00:00:00,-0.9765703
2025-11-22 01:00:00,-1.2420737
2025-11-22 02:00:00,-1.4223202
2025-11-22 03:00:00,-1.0526015
2025-11-22 04:00:00,0.38563564
2025-11-22 05:00:00,1.1751037
2025-11-22 06:00:00,1.5641707
2025-11-22 07:00:00,1.4665831
2025-11-22 08:00:00,0.8680413
2025-11-22 09:00:00,0.2016332
2025-11-22 10:00:00,-0.33214304
2025-11-22 11:00:00,-0.7270588
2025-11-22 12:00:00,-1.060242
2025-11-22 13:00:00,-1.3232787
2025-11-22 14:00:00,-1.4758466
2025-11-22 15:00:00,-0.9005083
2025-11-22 16:00:00,0.518087
2025-11-22 17:00:00,1.3411735
2025-11-22 18:00:00,1.8466798
2025-11-22 19:00:00,1.9244769
2025-11-22 20:00:00,1.4661864
2025-11-22 21:00:00,0.75724006
2025-11-22 22:00:00,0.101352684
2025-11-22 23:00:00,-0.4140201
2025-11-23 00:00:00,-0.78466386
2025-11-23 01:00:00,-1.0987667
2025-11-23 02:00:00,-1.3339158
2025-11-23 03:00:00,-1.3999324
2025-11-23 04:00:00,-0.27537426
2025-11-23 05:00:00,0.7783619
2025-11-23 06:00:00,1.3112369
2025-11-23 07:00:00,1.4790713
2025-11-23 08:00:00,1.1683407
2025-11-23 09:00:00,0.48940566
2025-11-23 10:00:00,-0.07909503
2025-11-23 11:00:00,-0.5364934
2025-11-23 12:00:00,-0.8871059
2025-11-23 13:00:00,-1.175973
2025-11-23 14:00:00,-1.395192
2025-11-23 15:00:00,-1.3806529
2025-11-23 16:00:00,-0.095762566
2025-11-23 17:00:00,0.89911526
2025-11-23 18:00:00,1.4918845
2025-11-23 19:00:00,1.8141625
2025-11-23 20:00:00,1.6660459
2025-11-23 21:00:00,1.1165236
2025-11-23 22:00:00,0.4195959
2025-11-23 23:00:00,-0.17418544
2025-11-24 00:00:00,-0.60168767
2025-11-24 01:00:00,-0.9355362
2025-11-24 02:00:00,-1.2172825
2025-11-24 03:00:00,-1.3995105
2025-11-24 04:00:00,-1.1303948
2025-11-24 05:00:00,0.21045846
2025-11-24 06:00:00,0.94899017
2025-11-24 07:00:00,1.2975943
2025-11-24 08:00:00,1.2760482
2025-11-24 09:00:00,0.79862636
2025-11-24 10:00:00,0.18568602
2025-11-24 11:00:00,-0.29835734
2025-11-24 12:00:00,-0.6914306
2025-11-24 13:00:00,-1.0054648
2025-11-24 14:00:00,-1.2530583
2025-11-24 15:00:00,-1.3999065
2025-11-24 16:00:00,-0.9368068
2025-11-24 17:00:00,0.30774388
2025-11-24 18:00:00,1.0644909
2025-11-24 19:00:00,1.5377091
2025-11-24 20:00:00,1.6811363
2025-11-24 21:00:00,1.357931
2025-11-24 22:00:00,0.7332754
2025-11-24 23:00:00,0.10729378
2025-11-25 00:00:00,-0.39075053
2025-11-25 01:00:00,-0.75661385
2025-11-25 02:00:00,-1.0677664
2025-11-25 03:00:00,-1.2897978
2025-11-25 04:00:00,-1.3575613
2025-11-25 05:00:00,-0.4515574
2025-11-25 06:00:00,0.49994388
2025-11-25 07:00:00,0.99144226
2025-11-25 08:00:00,1.1899432
2025-11-25 09:00:00,1.0309684
2025-11-25 10:00:00,0.51620775
2025-11-25 11:00:00,-0.01077905
2025-11-25 12:00:00,-0.43891653
2025-11-25 13:00:00,-0.7759934
2025-11-25 14:00:00,-1.0597146
2025-11-25 15:00:00,-1.2588884
2025-11-25 16:00:00,-1.2635983
2025-11-25 17:00:00,-0.31985044
2025-11-25 18:00:00,0.56983125
2025-11-25 19:00:00,1.1321812
2025-11-25 20:00:00,1.4791896
2025-11-25 21:00:00,1.499383
2025-11-25 22:00:00,1.1035455
2025-11-25 23:00:00,0.48164457
2025-11-26 00:00:00,-0.07574952
